Model,Accuracy,Precision,Recall,F1-score
DecisionTree,0.9626471782379212,0.9626497541899761,0.9626471782379212,0.9626478312205101
RandomForest,0.9683313032886723,0.9683564647135623,0.9683313032886723,0.968327907682619
KNN,0.9415347137637028,0.9416262147677963,0.9415347137637028,0.9415407291392919
Perceptron,0.9074299634591961,0.9095695223645835,0.9074299634591961,0.9072228556213037
NaiveBayes,0.6293138449045879,0.7891799099032234,0.6293138449045879,0.5748359247610642
