Model,Accuracy (Raw),Accuracy (Processed),Precision (Raw),Precision (Processed),Recall (Raw),Recall (Processed),F1 (Raw),F1 (Processed)
DecisionTree,0.9579375848032564,0.9581810799837597,0.9579327240356846,0.95821238277036,0.9579375848032564,0.9581810799837597,0.9579349550920269,0.9581839349162445
RandomForest,0.968340117593849,0.9675192854242793,0.968395847351423,0.9675218635649258,0.968340117593849,0.9675192854242793,0.9683023878357752,0.9675180211012968
Bagging,0.9651741293532339,0.9663012586276898,0.965173305966968,0.9663206810129301,0.9651741293532339,0.9663012586276898,0.9651493493476988,0.966298056779962
KNN,0.9407507914970602,0.9468128298822575,0.9407167836884334,0.9469908661852533,0.9407507914970602,0.9468128298822575,0.9407006337196107,0.9468192838856501
Perceptron,0.8968792401628223,0.8968737312220869,0.8990853767431154,0.8981772110269113,0.8968792401628223,0.8968737312220869,0.8959870880643772,0.8967110059951421
NaiveBayes,0.5829941203075532,0.6313438895655704,0.7860320417682859,0.7898380885591604,0.5829941203075532,0.6313438895655704,0.5300849157127407,0.5778608700482826
