Model,Accuracy,Precision,Recall,F1-score
DecisionTree,0.9640249040799775,0.9640616373228064,0.9640249040799775,0.9640241675445079
RandomForest,0.9719019391131722,0.9719885200868262,0.9719019391131722,0.9719006555654648
KNN,0.9451845394701038,0.9452392578165567,0.9451845394701038,0.945182849434049
Perceptron,0.8906119257125689,0.8913368204162673,0.8906119257125689,0.890568388806871
NaiveBayes,0.6365115158447378,0.7895255586764434,0.6365115158447378,0.581164546267272
