Model,Accuracy,Precision,Recall,F1-score
DecisionTree,0.9589085978575526,0.95893318036271,0.9589085978575526,0.9589080420726057
RandomForest,0.9659737799365622,0.9660669829139709,0.9659737799365622,0.9659720636606812
KNN,0.9399057966927586,0.9400644726764045,0.9399057966927586,0.9399005810279029
Perceptron,0.887526455720125,0.8897921281209884,0.887526455720125,0.8873677724932891
NaiveBayes,0.6363491782359423,0.7894716584560451,0.6363491782359423,0.5809181615453773
